{
  "extends": "./jsconfig.json",
  "compilerOptions": {
    "target": "ES2022",
    "lib": ["ES2023"],
    "module": "ESNext",
    "skipLibCheck": true,
    "moduleResolution": "bundler",
    "allowImportingTsExtensions": true,
    "isolatedModules": true,
    "moduleDetection": "force",
    "noEmit": true,
    "strict": true,
    "noUnusedLocals": false,
    "noUnusedParameters": false,
    "noFallthroughCasesInSwitch": true
  },
  "include": [
    "vite.config.js",
    "tailwind.config.js",
    "postcss.config.js",
    "eslint.config.js"
  ],
  "exclude": ["src"]
}

